Nombre,Apellido,Direccion,Telefono,email,TipoCliente
Marya,Isakowicz,24 Continental Pass,252-309-6889,misakowicz0@google.com,Persona
Vincenz,Agirre,66 Ludington Crossing,570-585-8569,vagirre1@un.org,Persona
Burtie,Gisburn,798 Manufacturers Parkway,331-991-8009,bgisburn2@google.com.au,Persona
Yardley,Greet,21 Kensington Point,518-259-9238,ygreet3@360.cn,Agencia
Remy,Dunniom,535 Sugar Road,319-120-4061,rdunniom4@facebook.com,Agencia
Kaleb,Fante,395 Talmadge Pass,156-129-3079,kfante5@devhub.com,Persona
Dorita,Cisneros,9593 Calypso Street,830-239-7609,dcisneros6@gravatar.com,Agencia
Fabian,Ridsdell,6 Bellgrove Plaza,244-442-7833,fridsdell7@ed.gov,Persona
Courtney,Loomis,3 Cottonwood Place,844-291-0696,cloomis8@ovh.net,Persona
Brit,Krzysztofiak,7794 Lerdahl Point,430-852-7154,bkrzysztofiak9@amazon.de,Agencia
Aron,Danielsohn,4897 Dapin Crossing,172-715-3715,adanielsohna@cyberchimps.com,Agencia
Corbin,Feron,7501 Mifflin Court,188-191-5031,cferonb@jimdo.com,Persona
Domini,Wackett,7858 Dwight Hill,118-869-0732,dwackettc@ebay.com,Agencia
Raphael,Wilse,95 Fuller Point,995-993-2324,rwilsed@ycombinator.com,Agencia
Maud,Fiorentino,8 Briar Crest Junction,291-624-9091,mfiorentinoe@twitpic.com,Persona
Juliana,Di Maggio,61 Spohn Alley,187-751-2857,jdimaggiof@upenn.edu,Persona
Roth,Imason,826 Redwing Hill,901-304-3841,rimasong@issuu.com,Persona
Stesha,MacNaughton,09 Waubesa Plaza,259-647-1891,smacnaughtonh@craigslist.org,Agencia
Avrit,Leachman,7717 Grasskamp Street,346-179-9130,aleachmani@google.co.jp,Persona
Marnie,Nowick,27 Swallow Road,690-662-0086,mnowickj@simplemachines.org,Agencia
Lanna,McGrouther,616 Mitchell Park,184-970-0620,lmcgroutherk@blog.com,Persona
Cornell,Chishull,2586 Bartelt Parkway,636-508-1791,cchishulll@soundcloud.com,Agencia
Norean,Keough,7660 Dwight Circle,882-753-8501,nkeoughm@samsung.com,Persona
Jacques,Grinin,38661 Eliot Street,515-202-5493,jgrininn@amazon.de,Agencia
Collin,Emberton,20 Cordelia Point,671-701-5835,cembertono@phpbb.com,Agencia
Pauly,McMorland,41 Schmedeman Center,597-816-1814,pmcmorlandp@sfgate.com,Persona
Amii,Ransfield,75 Nelson Parkway,940-484-8759,aransfieldq@goo.gl,Persona
Carlen,Lethieulier,21105 Schiller Circle,378-408-8465,clethieulierr@goodreads.com,Agencia
Ines,Adamo,91422 Truax Court,541-530-2939,iadamos@godaddy.com,Persona
Duane,Vallintine,49262 Green Alley,911-473-4202,dvallintinet@t-online.de,Agencia
Codi,Gasnoll,053 American Lane,559-632-9705,cgasnollu@nyu.edu,Persona
Pippo,Skivington,389 Emmet Point,748-353-6257,pskivingtonv@1688.com,Agencia
Georas,Marousek,29 Independence Court,848-143-7811,gmarousekw@privacy.gov.au,Persona
Brice,Kidman,7991 Welch Street,696-524-8604,bkidmanx@sakura.ne.jp,Persona
Demetra,Barlass,960 Victoria Way,586-189-9896,dbarlassy@livejournal.com,Agencia
Chariot,Petticrew,54143 Bashford Center,465-990-4915,cpetticrewz@narod.ru,Agencia
Candide,Allso,6424 Lakewood Lane,706-225-3377,callso10@edublogs.org,Agencia
Godfrey,Haisell,54 Birchwood Terrace,113-236-9115,ghaisell11@un.org,Agencia
Caesar,Jeffray,83 Towne Circle,539-317-5235,cjeffray12@dot.gov,Agencia
Claudina,Slarke,030 Glacier Hill Drive,370-142-2421,cslarke13@lycos.com,Persona
Ailsun,Hallan,5 Mitchell Terrace,362-362-0505,ahallan14@theatlantic.com,Persona
Camilla,Colman,3589 Elmside Street,757-417-8386,ccolman15@fc2.com,Agencia
Dale,Hesse,713 Old Shore Place,547-203-2201,dhesse16@blogtalkradio.com,Persona
Ida,Glanester,005 Farwell Street,315-974-2430,iglanester17@360.cn,Agencia
Whitney,Trunks,26 Lillian Park,211-505-7845,wtrunks18@php.net,Agencia
Jennette,Gaitone,14088 Northview Street,580-924-6204,jgaitone19@twitter.com,Persona
Dorella,Dubique,4585 Brown Court,486-962-8145,ddubique1a@webeden.co.uk,Agencia
Artus,Dictus,11 Lotheville Hill,691-957-5045,adictus1b@nhs.uk,Persona
Gaston,Gowthorpe,9 Hoard Avenue,758-269-1701,ggowthorpe1c@chicagotribune.com,Agencia
Kellsie,Cullinane,7 Quincy Plaza,768-201-7149,kcullinane1d@reference.com,Agencia
Dniren,Robroe,13567 Bartillon Avenue,204-820-6287,drobroe1e@amazon.co.uk,Agencia
Oralle,Canelas,2 Springs Way,974-587-7520,ocanelas1f@dot.gov,Agencia
Theadora,Woodwing,9 Norway Maple Terrace,436-481-6280,twoodwing1g@goo.ne.jp,Agencia
Karita,McLuckie,6414 Golf Course Crossing,802-322-7683,kmcluckie1h@pbs.org,Agencia
Arne,Aylesbury,02 Packers Plaza,484-340-1263,aaylesbury1i@spiegel.de,Persona
Washington,Moyer,44 Helena Alley,184-577-6048,wmoyer1j@unblog.fr,Persona
Sherri,Brach,234 Kensington Point,578-386-6783,sbrach1k@creativecommons.org,Agencia
Cathee,Wrenn,84039 Grover Crossing,897-710-5589,cwrenn1l@hexun.com,Persona
Martie,Mc Meekan,06 Arrowood Court,302-648-5507,mmcmeekan1m@etsy.com,Persona
Domenic,De la Yglesia,68 Mesta Circle,342-186-5067,ddelayglesia1n@merriam-webster.com,Agencia
Buiron,Cranmer,6510 Sage Drive,301-162-4900,bcranmer1o@ucoz.ru,Persona
Archambault,Robertson,51 Ilene Court,964-372-2029,arobertson1p@squarespace.com,Agencia
Keen,Pitway,1474 Pepper Wood Drive,229-919-2821,kpitway1q@gmpg.org,Agencia
Olag,Tyas,7077 Clemons Street,933-103-8383,otyas1r@examiner.com,Persona
Audra,Ferrone,8 Dwight Avenue,677-525-0872,aferrone1s@accuweather.com,Agencia
Tan,Tomaschke,0031 Coolidge Junction,627-961-7292,ttomaschke1t@dot.gov,Persona
Arleyne,Cancellieri,237 Shopko Center,238-134-5888,acancellieri1u@about.me,Agencia
Lorant,Du Plantier,682 Utah Street,626-509-9098,lduplantier1v@xing.com,Persona
Abelard,Bearns,987 Prairie Rose Circle,940-352-5099,abearns1w@indiegogo.com,Agencia
Berne,Greed,091 Truax Way,805-381-6993,bgreed1x@dmoz.org,Agencia
Silvia,Denys,2 Pennsylvania Junction,307-845-0147,sdenys1y@printfriendly.com,Agencia
Phebe,Jeandon,70842 Pleasure Place,183-474-0588,pjeandon1z@cyberchimps.com,Persona
Val,Rubens,85810 Duke Point,291-773-4730,vrubens20@spiegel.de,Agencia
Garey,Bleue,2151 Mesta Alley,243-709-7919,gbleue21@naver.com,Agencia
Min,Yantsev,505 1st Point,667-188-7834,myantsev22@hibu.com,Persona
Betta,Bertholin,716 Manley Drive,475-810-2488,bbertholin23@hexun.com,Persona
Hailey,Adshede,810 Summerview Way,392-220-0770,hadshede24@mozilla.org,Persona
Boycie,Stapforth,6439 Veith Lane,831-927-1842,bstapforth25@canalblog.com,Persona
Flossi,Zanicchi,5 Montana Way,725-117-0294,fzanicchi26@hp.com,Agencia
Oliver,Alwen,847 Sundown Junction,752-378-7051,oalwen27@51.la,Agencia
Meredeth,Chelsom,102 Rusk Alley,760-204-0444,mchelsom28@1und1.de,Agencia
Hazlett,Artrick,697 Service Trail,631-129-0611,hartrick29@answers.com,Persona
Turner,Orto,24536 Bunker Hill Center,740-386-8639,torto2a@hatena.ne.jp,Agencia
Gratia,Billam,4401 Barby Street,617-433-0200,gbillam2b@trellian.com,Persona
Pet,Arboine,81973 Spohn Plaza,651-214-5129,parboine2c@cmu.edu,Agencia
Harlie,McElane,08408 Ridgeview Street,810-248-5731,hmcelane2d@ox.ac.uk,Persona
Niles,Purrington,1242 Macpherson Street,533-360-9123,npurrington2e@webeden.co.uk,Agencia
Elianore,Elliff,6286 Scoville Point,812-690-5866,eelliff2f@usatoday.com,Persona
Phyllida,Casone,6866 Crownhardt Crossing,680-245-3473,pcasone2g@tinyurl.com,Persona
Robers,Silson,63 Fuller Point,207-209-0420,rsilson2h@is.gd,Persona
Collen,Blenkharn,586 7th Center,586-957-1300,cblenkharn2i@jigsy.com,Persona
Eugen,Tudge,94 Declaration Plaza,787-614-3692,etudge2j@hatena.ne.jp,Agencia
Buiron,Calvard,1 Clarendon Hill,530-756-8243,bcalvard2k@spiegel.de,Agencia
Weber,Grishechkin,62 Vahlen Circle,616-804-3945,wgrishechkin2l@amazon.co.uk,Persona
Randie,Goffe,358 Anniversary Parkway,446-771-4381,rgoffe2m@flavors.me,Agencia
Drud,Carden,8 Bartillon Place,866-996-0374,dcarden2n@dedecms.com,Persona
Charmian,MacCartan,547 Fieldstone Court,369-462-8583,cmaccartan2o@thetimes.co.uk,Agencia
Monte,Normavill,3 Service Hill,599-996-4934,mnormavill2p@nifty.com,Agencia
Aubry,Aarons,11 Hintze Place,357-935-7219,aaarons2q@weather.com,Agencia
Celina,Siemandl,96878 Meadow Valley Pass,520-124-6074,csiemandl2r@myspace.com,Agencia
