Nombre,Telefono,email
Buffy Mullinger,168-964-4409,bmullinger0@blog.com
Bertrando Cariss,668-458-9827,bcariss1@ocn.ne.jp
Stanislaus Gingold,451-945-8471,sgingold2@eventbrite.com
Vonni Bierling,943-399-4035,vbierling3@homestead.com
Drew Avis,973-267-4695,davis4@artisteer.com
Lloyd Vatini,705-236-9933,lvatini5@pcworld.com
Milena Christou,294-322-1069,mchristou6@npr.org
Eward Bretherton,750-334-6492,ebretherton7@cargocollective.com
Cherida Wharin,789-305-4102,cwharin8@yolasite.com
Becky Cozins,748-295-9494,bcozins9@springer.com
Carolina Vasilkov,732-869-1236,cvasilkova@google.com.hk
Wilfred Brinkley,406-665-9051,wbrinkleyb@theguardian.com
Ursa Reddin,144-540-2482,ureddinc@craigslist.org
Washington Handlin,748-512-6251,whandlind@privacy.gov.au
Zack McBride,541-575-9737,zmcbridee@arizona.edu
Philippine Ellerker,402-570-0362,pellerkerf@imdb.com
Sibyl Blaxley,566-608-1355,sblaxleyg@toplist.cz
Pete Legendre,126-734-2450,plegendreh@surveymonkey.com
Loise Sandall,766-222-3584,lsandalli@google.de
Tandy Notti,883-287-8221,tnottij@prnewswire.com
