Nombre,Direccion,Telefono,PrecioPorNoche
"Douglas, Spencer and Lindgren",28 Roxbury Lane,(878) 8059887,1104.71
"Kovacek, Maggio and Auer",54425 Shasta Avenue,(838) 4293501,2335.44
Prosacco-Konopelski,00 Dwight Alley,(455) 9553528,757.48
Heaney Inc,7668 Sullivan Drive,(460) 9377097,994.66
DuBuque-Robel,941 Del Sol Parkway,(724) 2119072,541.09
"Waters, Braun and Conn",17571 Melrose Circle,(257) 4002824,1472.72
Kling-Davis,22 North Pass,(469) 2177261,795.7
Effertz LLC,1 Jenna Court,(312) 2303978,551.38
Oberbrunner-Emmerich,27283 Sage Lane,(250) 3146194,1535.75
Olson Inc,33537 Brickson Park Street,(599) 9223274,60.02
Rogahn LLC,96528 Hudson Road,(974) 1754490,1294.92
Koelpin-Upton,55144 Lawn Trail,(510) 3323935,123.56
"Larson, Hayes and Konopelski",23 Debs Hill,(630) 7666728,952.76
Miller-Tillman,1250 Carpenter Circle,(675) 5432146,831.57
Donnelly-Braun,8975 Duke Hill,(386) 6276820,2260.26
Jacobson-Mohr,65698 Lawn Hill,(811) 3928743,727.34
"Gulgowski, Keebler and Ledner",06 Scott Avenue,(344) 1155782,1599.2
Mueller-Lesch,81296 Maple Center,(834) 3596469,114.23
"Grady, Gusikowski and Schumm",660 Saint Paul Park,(100) 3829632,2030.07
"Swaniawski, Bode and Hodkiewicz",54 Bartillon Lane,(990) 4064588,978.74
Hackett and Sons,05 Sommers Junction,(456) 2571931,1918.0
"Bergnaum, Walker and VonRueden",2672 Judy Way,(276) 3167686,1237.25
"Hauck, Welch and Hodkiewicz",91666 Pankratz Court,(219) 7171023,1586.41
Feil-Harber,4044 Holy Cross Road,(750) 7599248,1368.58
"Kunze, Toy and Hansen",25 Loeprich Pass,(248) 1099117,1585.97
"Keeling, Fritsch and Harber",240 Prairie Rose Road,(313) 4517655,2295.01
Kerluke Inc,2 Melby Trail,(451) 8039908,601.66
Osinski-Crist,9 Garrison Parkway,(508) 5933480,2175.39
Ebert and Sons,5 Loftsgordon Hill,(415) 5260673,443.44
Maggio LLC,0 Union Parkway,(239) 4860131,2318.78
"Kessler, Lemke and McKenzie",97 Linden Point,(206) 4637591,1420.89
"Kunze, Robel and Conroy",77470 Bluestem Parkway,(141) 6454899,316.27
Schneider-Windler,7 American Ash Court,(270) 5110054,1008.68
"Auer, Deckow and Gottlieb",99288 Buell Trail,(100) 5253667,1272.69
"Jacobson, Wilderman and Boyer",0 Schiller Avenue,(712) 8280828,686.46
Wilderman and Sons,3 Ruskin Park,(710) 7238484,338.45
Reichert LLC,3112 Jenna Plaza,(337) 9567627,1601.7
"Nicolas, Mitchell and Wilkinson",0 Rusk Parkway,(840) 4023654,1366.59
Mraz Group,3 Iowa Drive,(177) 1224488,1640.29
Gleason LLC,5992 Canary Avenue,(487) 6624169,1146.28
"Dicki, Kihn and Kovacek",763 Shasta Pass,(346) 7259562,1343.13
Cremin-Lesch,624 Rigney Plaza,(111) 7295690,2017.92
"Wolf, Terry and Ullrich",7 Blackbird Hill,(323) 3310620,1429.65
"Braun, Collins and Lindgren",198 Arkansas Center,(175) 7660215,370.27
Wintheiser-Lowe,23 Melody Trail,(703) 4935680,65.29
Botsford Inc,59334 Mccormick Point,(932) 7556680,2221.64
"Runolfsdottir, Brown and Hegmann",3 Derek Point,(357) 9159395,511.11
"Zulauf, McDermott and Zboncak",08634 Bellgrove Road,(170) 4609438,2064.55
"Durgan, McCullough and Friesen",666 Onsgard Court,(205) 6511809,2176.49
"McDermott, Abshire and Heaney",4492 Sauthoff Trail,(189) 7617201,475.21
"VonRueden, Bayer and Terry",40192 Clove Plaza,(757) 8470654,197.51
Wilkinson-Senger,150 Northfield Pass,(609) 5636393,90.98
"Adams, Schoen and Kuphal",3 Sunfield Drive,(564) 5617280,2086.36
"Beahan, Nader and Gislason",7221 Arkansas Lane,(385) 6917024,794.96
Graham-Okuneva,2200 North Place,(300) 8550531,1597.74
Lemke-Renner,2 Dayton Place,(864) 6851282,2180.12
Schmidt Inc,66 Prairie Rose Place,(890) 8233585,1221.79
Bechtelar-Thiel,32836 Clove Lane,(905) 5628709,109.0
Brown LLC,91 Kennedy Plaza,(485) 9559496,261.51
Ebert-Klocko,3126 Lotheville Court,(309) 8653398,1114.6
Hand and Sons,88260 Leroy Court,(515) 1930801,1573.46
Ortiz-Gislason,42 Porter Trail,(631) 5574923,711.33
Connelly-Moen,4532 Meadow Valley Junction,(866) 8793774,1354.23
Jenkins-Schroeder,27805 Burning Wood Terrace,(922) 3311390,2230.05
Graham LLC,758 Marquette Pass,(207) 6167979,1018.99
Hoppe-Beahan,4493 Melvin Junction,(772) 5095076,1494.19
"Gerhold, Kreiger and Denesik",12 John Wall Junction,(820) 6896368,134.93
Frami-Lowe,724 Eggendart Road,(629) 9343135,2312.8
Lowe-Jenkins,0894 Sunbrook Alley,(435) 1640843,146.68
Harvey-Koss,65731 Bonner Court,(786) 9620013,1251.02
Gutmann LLC,6 Lakeland Street,(261) 7651803,2473.45
Collier Group,0 Heffernan Hill,(813) 7906760,1301.81
Beer Group,83 Monica Plaza,(735) 6802696,588.79
"Pfannerstill, Purdy and Zieme",36118 Kipling Trail,(488) 8431042,782.3
Bogisich LLC,7 Caliangt Crossing,(654) 6823466,1427.49
"Pagac, Kulas and Kuphal",63 Brickson Park Lane,(321) 9175112,746.7
Macejkovic and Sons,3207 Grasskamp Point,(693) 9574638,540.34
Deckow and Sons,7 Golden Leaf Point,(690) 5066984,1146.53
Herman Inc,96384 Fallview Center,(963) 9338287,1692.37
"VonRueden, Walter and Rempel",8938 Rusk Terrace,(277) 9362244,2370.11
Daugherty LLC,52663 Trailsway Lane,(151) 1184295,2194.9
"Volkman, Ritchie and Weissnat",825 Kipling Hill,(929) 5324065,1309.36
Feeney-Roberts,0 Hayes Street,(359) 6704464,203.27
Mueller-Simonis,23 Hoard Parkway,(704) 2866078,972.89
Bernhard-O'Hara,23021 Buhler Lane,(878) 1625391,1804.36
Leffler and Sons,4202 Sachtjen Hill,(284) 6871927,358.27
Mueller-Jenkins,5823 Morrow Alley,(689) 6135729,2350.35
"Gulgowski, Schaefer and Wolff",0 Straubel Trail,(240) 7513272,1269.1
Abernathy Group,72 Buhler Court,(983) 9730807,2447.18
"Williamson, Little and Stamm",88166 Starling Hill,(595) 7372175,768.85
"Jacobs, Hamill and Haley",93671 Vermont Street,(393) 4761659,237.66
McGlynn-Nitzsche,1657 Springs Drive,(555) 2112356,2244.44
West LLC,09257 Pepper Wood Parkway,(913) 3720706,1992.78
Kozey LLC,1330 Old Gate Place,(966) 8927652,1058.32
Lindgren-Johnson,77 Summer Ridge Avenue,(312) 5560324,974.06
Schneider-Jacobi,2 Talmadge Circle,(248) 1087399,1920.6
"Robel, O'Reilly and Johnston",326 Fair Oaks Crossing,(602) 3499893,1910.8
Braun Inc,1 Macpherson Pass,(554) 8101167,1937.33
Grady LLC,1561 Dryden Place,(947) 3819602,798.05
Crooks-Rath,03 Mayer Way,(877) 1578261,1936.4
Hackett and Sons,20 Crest Line Parkway,(132) 3146141,842.42
"Legros, Stroman and Krajcik",6889 Hudson Terrace,(592) 8858019,156.05
"Jaskolski, Flatley and Pollich",48819 Vermont Parkway,(663) 5511794,2048.22
Schaefer-Kshlerin,9282 Comanche Way,(958) 1915460,378.09
Reilly LLC,7559 Northwestern Street,(445) 5767658,2176.76
"Hessel, Monahan and Bosco",672 Fair Oaks Circle,(526) 8956371,1738.1
Hackett-Wuckert,6 Shoshone Way,(652) 8236367,1102.12
"Schaden, Kautzer and Johns",130 Kingsford Center,(248) 6711109,1855.93
Prosacco Inc,50 Talisman Plaza,(992) 1775545,1848.67
Konopelski-Hartmann,670 Ridge Oak Avenue,(597) 1222583,1184.03
"Nienow, Hyatt and Nader",8 Rigney Circle,(812) 1060371,2292.83
Collier-Ondricka,199 Bultman Court,(268) 8624395,736.05
"Bode, Beahan and Yost",65 Blaine Road,(413) 8249944,1076.96
Bogisich Inc,4684 Browning Circle,(389) 4237746,853.29
Gulgowski-Hammes,17 Hudson Terrace,(516) 2878426,2286.16
Casper-Boyer,23 Waywood Lane,(980) 7228770,1855.62
Bosco Inc,7 Jana Pass,(563) 7736358,96.21
"Stiedemann, Ankunding and Hauck",96762 Hansons Point,(867) 4277468,1440.48
Botsford LLC,45783 Southridge Road,(891) 5694265,1409.18
Waters LLC,92 Hoffman Alley,(782) 4691207,502.8
Nikolaus-Shields,2485 Corscot Plaza,(614) 4722663,1644.3
Mills Inc,5535 Messerschmidt Center,(271) 4887000,2270.63
"Lubowitz, Kuhn and Fritsch",1800 Fieldstone Court,(173) 5229902,1071.71
Dach LLC,4217 Ohio Alley,(197) 1088942,2365.49
"Jast, Leannon and Robel",21 Superior Drive,(720) 8258741,595.9
Sauer and Sons,041 Kim Circle,(913) 4052155,1205.09
Schinner LLC,217 Pearson Park,(496) 5451658,99.96
Steuber and Sons,263 Merry Lane,(136) 7958493,2472.23
Ledner Inc,0 Glendale Avenue,(318) 1549300,717.9
"Lind, Witting and Marvin",67138 Pine View Way,(661) 2723233,2011.76
Klocko LLC,1138 Sachs Circle,(109) 5561518,381.55
"Halvorson, Berge and Hirthe",8873 Meadow Vale Pass,(357) 2983372,1160.09
Herman Inc,3 Paget Place,(592) 7367528,1178.11
Schuppe and Sons,869 Marquette Street,(699) 1105616,1456.93
Goodwin-Rutherford,597 Welch Park,(526) 3758362,1389.85
Mayer-Bednar,1324 Randy Avenue,(880) 3384911,2414.32
"Runolfsson, Berge and Gleichner",15 Cambridge Parkway,(491) 7082038,717.73
"Gleichner, Marks and Murphy",5 Loftsgordon Hill,(358) 8672104,666.39
"Hilll, Blanda and Marks",050 Delaware Place,(900) 8661055,1425.75
Gleason Inc,48 Commercial Terrace,(101) 9003365,2404.59
"Frami, O'Keefe and Moore",78 Duke Avenue,(642) 5826752,1883.35
Boyer-Walter,692 Veith Way,(699) 5508396,1705.7
"Hudson, Lehner and Kshlerin",8091 American Ash Place,(980) 1308174,1669.23
Koepp LLC,4952 Granby Crossing,(897) 5908999,937.41
"Witting, Spencer and Brown",6578 Garrison Way,(811) 3080232,697.63
Strosin LLC,4713 Westport Center,(212) 3666383,2038.09
Renner Inc,53741 Emmet Trail,(713) 5513371,1467.76
Powlowski-Dibbert,1 Arapahoe Road,(276) 7317561,1746.45
Reynolds-Crist,8749 Artisan Court,(369) 9512237,1539.36
O'Connell-D'Amore,72662 Stang Circle,(218) 6708693,1904.15
"Streich, Okuneva and DuBuque",6570 Maple Wood Lane,(773) 9257242,851.92
"Hodkiewicz, Rempel and Dooley",47143 Kim Terrace,(557) 8283836,1406.31
Braun LLC,4862 Stang Road,(385) 2475881,853.68
"Morissette, Wintheiser and Ullrich",426 Tomscot Hill,(730) 4198130,526.82
Harris LLC,5 Golf Hill,(888) 8328039,807.27
"Wunsch, Bruen and Fisher",8 Little Fleur Parkway,(973) 7450612,826.1
"Harris, Orn and Bahringer",98947 Sage Center,(409) 5067186,298.12
"Corkery, Kemmer and Rosenbaum",431 Montana Plaza,(612) 5707511,1570.73
"Weber, Collins and Quitzon",5511 Milwaukee Street,(864) 9934062,1789.72
"Feil, Berge and Bahringer",11690 Lillian Junction,(803) 2261455,331.7
Rowe and Sons,4 Welch Avenue,(233) 2000072,688.96
Wuckert Inc,34484 Canary Crossing,(862) 1082455,1911.18
Wolff-O'Connell,69170 Raven Trail,(512) 9429599,1352.93
"Bogisich, Krajcik and Medhurst",6723 Sunfield Parkway,(511) 5334000,1248.59
"Zulauf, Leffler and Torp",7203 Del Sol Crossing,(889) 1432083,1219.65
Spencer-Ortiz,4387 Walton Street,(632) 9559459,2432.21
Torp Inc,47 Badeau Court,(900) 4384822,1771.29
"Ruecker, Price and Marks",34 Clemons Way,(599) 2650491,795.66
Walsh and Sons,8556 Acker Crossing,(352) 5352020,367.78
Greenfelder-Schaden,8 6th Street,(784) 5532965,899.81
Rutherford-Hermann,5 Kinsman Lane,(846) 6721870,1016.33
Kihn-Hansen,868 Warner Street,(624) 5904866,1952.81
Sauer and Sons,692 Susan Court,(834) 9214925,91.73
Schumm-Pollich,77532 Kinsman Pass,(770) 5544146,2465.51
Prosacco-Smith,6 Pawling Hill,(664) 3076667,344.93
Rice Group,53809 Hudson Crossing,(373) 8255749,2147.15
Kertzmann Inc,837 Vera Center,(134) 5651230,688.43
"Runolfsson, Skiles and Klein",72 Everett Place,(829) 6570479,689.12
Stroman-Predovic,53 Ridgeview Park,(145) 4086071,109.83
Marks LLC,945 Dennis Alley,(394) 4253989,569.84
"Konopelski, Borer and Daugherty",8 Center Junction,(325) 8707937,2098.81
"Swaniawski, McLaughlin and Carter",7961 Memorial Park,(994) 9553335,1404.0
Von-Bartoletti,2 Pierstorff Circle,(667) 3202457,1333.24
Homenick Inc,74742 Fisk Center,(123) 4204739,980.33
Quigley Group,25 Linden Crossing,(874) 3913512,1575.47
Sporer Inc,534 Nova Center,(925) 2232498,2008.75
Lowe-Lebsack,236 Buell Junction,(800) 4443361,546.94
Bechtelar LLC,1339 Dakota Circle,(954) 8374234,2436.86
"Jaskolski, Osinski and Ortiz",8 Cottonwood Center,(805) 9625347,2420.54
Hessel LLC,488 Larry Crossing,(739) 4734032,84.56
"Leuschke, Bauch and Morissette",1 Green Pass,(606) 7060233,68.74
Kutch Group,055 Swallow Terrace,(613) 7555284,2038.91
Luettgen-Sawayn,92 Myrtle Point,(106) 1120701,1701.66
Armstrong-Breitenberg,49 Arizona Trail,(156) 1664675,165.65
Schmidt Inc,39 Scott Court,(533) 4418247,2131.79
Hartmann-Franecki,4 American Ash Court,(192) 6612954,301.0
"Walker, Dibbert and Jones",20 Quincy Court,(941) 4819329,1312.44
Hand-Lubowitz,2 Grayhawk Parkway,(325) 4480473,523.85
Blick Inc,0886 Memorial Trail,(893) 3981861,2222.15
Lynch-Blick,353 Blaine Junction,(945) 7138055,1745.45
